ADM1_EN,dhps_Ala581Gly,dhfr_Ile164Leu,k13_Arg561His,,
Arusha,NA,NA,NA,,
Dar es salaam,0.1198,0,0,,
Dodoma,0.0543,0.01,0,,
Geita,NA,NA,NA,,
Iringa,NA,NA,NA,,
Kagera,0.2593,0.1521,0.077,,
Katavi,NA,NA,NA,,
Kigoma,0.3232,0,0,,
Kilimanjaro,0.3594,0,0,,
Lindi,NA,NA,NA,,
Manyara,0.2273,0.011,0.0056,,
Mara,0.0085,0.0305,0,,
Mbeya,NA,NA,NA,,
Morogoro,NA,NA,NA,,
Mtwara,0.0042,0,0,,
Mtwara,NA,NA,NA,,
Mwanza,NA,NA,NA,,
Njombe,0.0474,0,0.0036,,
Njombe,NA,NA,NA,,
Ruvuma,0.0278,0,0,,
Ruvuma,NA,NA,NA,,
Simiyu,NA,NA,NA,,
Singida,NA,NA,NA,,
Songwe,0.0201,0.0044,,,
Tabora,0.036,0.016,0.0046,,
Tanga,0.3846,0,0,,
